{
  "values": [
    "minecraft:jungle_planks",
    "minecraft:jungle_log",
    "minecraft:stripped_jungle_log",
    "minecraft:stripped_jungle_wood",
    "minecraft:jungle_wood",
    "minecraft:jungle_slab",
    "minecraft:jungle_fence",
    "minecraft:jungle_stairs",
    "minecraft:jungle_button",
    "minecraft:jungle_pressure_plate",
    "minecraft:jungle_door",
    "minecraft:jungle_trapdoor",
    "minecraft:jungle_fence_gate",
    "minecraft:jungle_boat",
    "minecraft:jungle_chest_boat",
    "minecraft:jungle_sign",
    {
      "id": "betternether:jungle_taburet",
      "required": false
    },
    {
      "id": "betternether:jungle_chair",
      "required": false
    },
    {
      "id": "betternether:jungle_bar_stool",
      "required": false
    },
    {
      "id": "another_furniture:jungle_chair",
      "required": false
    },
    {
      "id": "another_furniture:jungle_shelf",
      "required": false
    },
    {
      "id": "another_furniture:jungle_table",
      "required": false
    },
    {
      "id": "another_furniture:jungle_shutter",
      "required": false
    },
    {
      "id": "another_furniture:jungle_planter_box",
      "required": false
    },
    {
      "id": "another_furniture:jungle_bench",
      "required": false
    },
    {
      "id": "another_furniture:jungle_drawer",
      "required": false
    },
    {
      "id": "beautify:jungle_trellis",
      "required": false
    },
    {
      "id": "beautify:jungle_blinds",
      "required": false
    },
    {
      "id": "beautify:jungle_picture_frame",
      "required": false
    },
    {
      "id": "campchair:jungle_camp_chair",
      "required": false
    },
    {
      "id": "create:jungle_window",
      "required": false
    },
    {
      "id": "create:jungle_window_pane",
      "required": false
    },
    {
      "id": "decorative_blocks:jungle_beam",
      "required": false
    },
    {
      "id": "decorative_blocks:jungle_seat",
      "required": false
    },
    {
      "id": "decorative_blocks:jungle_support",
      "required": false
    },
    {
      "id": "decorative_blocks:jungle_palisade",
      "required": false
    },
    {
      "id": "enchanted-vertical-slabs:vertical_jungle_slab",
      "required": false
    },
    {
      "id": "farmersdelight:jungle_cabinet",
      "required": false
    },
    {
      "id": "graveyard:jungle_coffin",
      "required": false
    },
    {
      "id": "halfdoors:jungle_halfdoor",
      "required": false
    },
    {
      "id": "handcrafted:jungle_board",
      "required": false
    },
    {
      "id": "handcrafted:jungle_chair",
      "required": false
    },
    {
      "id": "handcrafted:jungle_table",
      "required": false
    },
    {
      "id": "handcrafted:jungle_bench",
      "required": false
    },
    {
      "id": "handcrafted:jungle_couch",
      "required": false
    },
    {
      "id": "handcrafted:jungle_fancy_bed",
      "required": false
    },
    {
      "id": "handcrafted:jungle_dining_bench",
      "required": false
    },
    {
      "id": "handcrafted:jungle_nightstand",
      "required": false
    },
    {
      "id": "handcrafted:jungle_desk",
      "required": false
    },
    {
      "id": "handcrafted:jungle_side_table",
      "required": false
    },
    {
      "id": "handcrafted:jungle_counter",
      "required": false
    },
    {
      "id": "handcrafted:jungle_drawer",
      "required": false
    },
    {
      "id": "handcrafted:jungle_cupboard",
      "required": false
    },
    {
      "id": "handcrafted:jungle_shelf",
      "required": false
    },
    {
      "id": "handcrafted:jungle_pillar_trim",
      "required": false
    },
    {
      "id": "handcrafted:jungle_corner_trim",
      "required": false
    },
    {
      "id": "mcwfences:jungle_picket_fence",
      "required": false
    },
    {
      "id": "mcwfences:jungle_stockade_fence",
      "required": false
    },
    {
      "id": "mcwfences:jungle_horse_fence",
      "required": false
    },
    {
      "id": "mcwfences:jungle_wired_fence",
      "required": false
    },
    {
      "id": "mcwfences:jungle_highley_gate",
      "required": false
    },
    {
      "id": "mcwfences:jungle_pyramid_gate",
      "required": false
    },
    {
      "id": "mcwlights:jungle_tiki_torch",
      "required": false
    },
    {
      "id": "mcwlights:soul_jungle_tiki_torch",
      "required": false
    },
    {
      "id": "twigs:jungle_table",
      "required": false
    },
    {
      "id": "twilightforest:jungle_banister",
      "required": false
    },
    {
      "id": "twilightforest:hollow_jungle_log_vertical",
      "required": false
    },
    {
      "id": "wunderreich:jungle_wall",
      "required": false
    },
    {
      "id": "snowyspirit:sled_jungle",
      "required": false
    },
    {
      "id": "supplementaries:hanging_sign_jungle",
      "required": false
    }
  ]
}