{
  "values": [
    "minecraft:mangrove_planks",
    "minecraft:mangrove_log",
    "minecraft:stripped_mangrove_log",
    "minecraft:stripped_mangrove_wood",
    "minecraft:mangrove_wood",
    "minecraft:mangrove_slab",
    "minecraft:mangrove_fence",
    "minecraft:mangrove_stairs",
    "minecraft:mangrove_button",
    "minecraft:mangrove_pressure_plate",
    "minecraft:mangrove_door",
    "minecraft:mangrove_trapdoor",
    "minecraft:mangrove_fence_gate",
    "minecraft:mangrove_boat",
    "minecraft:mangrove_chest_boat",
    "minecraft:mangrove_sign",
    {
      "id": "betternether:mangrove_taburet",
      "required": false
    },
    {
      "id": "betternether:mangrove_chair",
      "required": false
    },
    {
      "id": "betternether:mangrove_bar_stool",
      "required": false
    },
    {
      "id": "another_furniture:mangrove_chair",
      "required": false
    },
    {
      "id": "another_furniture:mangrove_shelf",
      "required": false
    },
    {
      "id": "another_furniture:mangrove_table",
      "required": false
    },
    {
      "id": "another_furniture:mangrove_shutter",
      "required": false
    },
    {
      "id": "another_furniture:mangrove_planter_box",
      "required": false
    },
    {
      "id": "another_furniture:mangrove_bench",
      "required": false
    },
    {
      "id": "another_furniture:mangrove_drawer",
      "required": false
    },
    {
      "id": "beautify:mangrove_trellis",
      "required": false
    },
    {
      "id": "beautify:mangrove_blinds",
      "required": false
    },
    {
      "id": "beautify:mangrove_picture_frame",
      "required": false
    },
    {
      "id": "campchair:mangrove_camp_chair",
      "required": false
    },
    {
      "id": "create:mangrove_window",
      "required": false
    },
    {
      "id": "create:mangrove_window_pane",
      "required": false
    },
    {
      "id": "decorative_blocks:mangrove_beam",
      "required": false
    },
    {
      "id": "decorative_blocks:mangrove_seat",
      "required": false
    },
    {
      "id": "decorative_blocks:mangrove_support",
      "required": false
    },
    {
      "id": "decorative_blocks:mangrove_palisade",
      "required": false
    },
    {
      "id": "enchanted-vertical-slabs:vertical_mangrove_slab",
      "required": false
    },
    {
      "id": "farmersdelight:mangrove_cabinet",
      "required": false
    },
    {
      "id": "graveyard:mangrove_coffin",
      "required": false
    },
    {
      "id": "halfdoors:mangrove_halfdoor",
      "required": false
    },
    {
      "id": "handcrafted:mangrove_board",
      "required": false
    },
    {
      "id": "handcrafted:mangrove_chair",
      "required": false
    },
    {
      "id": "handcrafted:mangrove_table",
      "required": false
    },
    {
      "id": "handcrafted:mangrove_bench",
      "required": false
    },
    {
      "id": "handcrafted:mangrove_couch",
      "required": false
    },
    {
      "id": "handcrafted:mangrove_fancy_bed",
      "required": false
    },
    {
      "id": "handcrafted:mangrove_dining_bench",
      "required": false
    },
    {
      "id": "handcrafted:mangrove_nightstand",
      "required": false
    },
    {
      "id": "handcrafted:mangrove_desk",
      "required": false
    },
    {
      "id": "handcrafted:mangrove_side_table",
      "required": false
    },
    {
      "id": "handcrafted:mangrove_counter",
      "required": false
    },
    {
      "id": "handcrafted:mangrove_drawer",
      "required": false
    },
    {
      "id": "handcrafted:mangrove_cupboard",
      "required": false
    },
    {
      "id": "handcrafted:mangrove_shelf",
      "required": false
    },
    {
      "id": "handcrafted:mangrove_pillar_trim",
      "required": false
    },
    {
      "id": "handcrafted:mangrove_corner_trim",
      "required": false
    },
    {
      "id": "mcwfences:mangrove_picket_fence",
      "required": false
    },
    {
      "id": "mcwfences:mangrove_stockade_fence",
      "required": false
    },
    {
      "id": "mcwfences:mangrove_horse_fence",
      "required": false
    },
    {
      "id": "mcwfences:mangrove_wired_fence",
      "required": false
    },
    {
      "id": "mcwfences:mangrove_highley_gate",
      "required": false
    },
    {
      "id": "mcwfences:mangrove_pyramid_gate",
      "required": false
    },
    {
      "id": "mcwlights:mangrove_tiki_torch",
      "required": false
    },
    {
      "id": "mcwlights:soul_mangrove_tiki_torch",
      "required": false
    },
    {
      "id": "twigs:mangrove_table",
      "required": false
    },
    {
      "id": "twilightforest:mangrove_banister",
      "required": false
    },
    {
      "id": "twilightforest:hollow_mangrove_log_vertical",
      "required": false
    },
    {
      "id": "wunderreich:mangrove_wall",
      "required": false
    },
    {
      "id": "snowyspirit:sled_mangrove",
      "required": false
    },
    {
      "id": "supplementaries:hanging_sign_mangrove",
      "required": false
    }
  ]
}