{
  "values": [
    "minecraft:mud",
    "minecraft:muddy_mangrove_roots",
    "minecraft:mud_brick_slab",
    "minecraft:packed_mud",
    "minecraft:mud_bricks",
    "minecraft:mud_brick_stairs",
    "minecraft:mud_brick_wall",
    {
      "id": "enchanted-vertical-slabs:vertical_mud_brick_slab",
      "required": false
    },
    {
      "id": "mcwfences:modern_mud_brick_wall",
      "required": false
    },
    {
      "id": "mcwfences:railing_mud_brick_wall",
      "required": false
    },
    {
      "id": "mcwfences:mud_brick_railing_gatemud_bric",
      "required": false
    }
  ]
}